-- phpMyAdmin SQL Dump
-- version 5.2.1
-- https://www.phpmyadmin.net/
--
-- Host: 127.0.0.1
-- Generation Time: May 29, 2024 at 03:06 PM
-- Server version: 10.4.32-MariaDB
-- PHP Version: 8.0.30

SET SQL_MODE = "NO_AUTO_VALUE_ON_ZERO";
START TRANSACTION;
SET time_zone = "+00:00";


/*!40101 SET @OLD_CHARACTER_SET_CLIENT=@@CHARACTER_SET_CLIENT */;
/*!40101 SET @OLD_CHARACTER_SET_RESULTS=@@CHARACTER_SET_RESULTS */;
/*!40101 SET @OLD_COLLATION_CONNECTION=@@COLLATION_CONNECTION */;
/*!40101 SET NAMES utf8mb4 */;

--
-- Database: `ordermanagementdb`
--

-- --------------------------------------------------------

--
-- Table structure for table `customers`
--

CREATE TABLE `customers` (
  `CustomerID` int(11) NOT NULL,
  `FirstName` varchar(50) DEFAULT NULL,
  `LastName` varchar(50) DEFAULT NULL,
  `Email` varchar(100) DEFAULT NULL,
  `Phone` varchar(20) DEFAULT NULL,
  `Address` varchar(200) DEFAULT NULL,
  `City` varchar(50) DEFAULT NULL,
  `State` varchar(50) DEFAULT NULL,
  `ZipCode` varchar(10) DEFAULT NULL
) ENGINE=InnoDB DEFAULT CHARSET=utf8mb4 COLLATE=utf8mb4_general_ci;

--
-- Dumping data for table `customers`
--

INSERT INTO `customers` (`CustomerID`, `FirstName`, `LastName`, `Email`, `Phone`, `Address`, `City`, `State`, `ZipCode`) VALUES
(1, 'Amit', 'Sharma', 'amit.sharma@example.com', '555-0101', '123 Main St', 'Delhi', 'Delhi', '110001'),
(2, 'Rajesh', 'Kumar', 'rajesh.kumar@example.com', '555-0102', '124 Main St', 'Delhi', 'Delhi', '110002'),
(3, 'Vikram', 'Singh', 'vikram.singh@example.com', '555-0103', '125 Main St', 'Delhi', 'Delhi', '110003'),
(4, 'Sunita', 'Rai', 'sunita.rai@example.com', '555-0104', '126 Main St', 'Delhi', 'Delhi', '110004'),
(5, 'Anita', 'Gupta', 'anita.gupta@example.com', '555-0105', '127 Main St', 'Delhi', 'Delhi', '110005'),
(6, 'Rakesh', 'Verma', 'rakesh.verma@example.com', '555-0106', '128 Main St', 'Delhi', 'Delhi', '110006'),
(7, 'Manoj', 'Mehta', 'manoj.mehta@example.com', '555-0107', '129 Main St', 'Delhi', 'Delhi', '110007'),
(8, 'Pooja', 'Jain', 'pooja.jain@example.com', '555-0108', '130 Main St', 'Delhi', 'Delhi', '110008'),
(9, 'Suresh', 'Agarwal', 'suresh.agarwal@example.com', '555-0109', '131 Main St', 'Delhi', 'Delhi', '110009'),
(10, 'Kiran', 'Pandey', 'kiran.pandey@example.com', '555-0110', '132 Main St', 'Delhi', 'Delhi', '110010'),
(11, 'Rohit', 'Chopra', 'rohit.chopra@example.com', '555-0111', '133 Main St', 'Delhi', 'Delhi', '110011'),
(12, 'Neha', 'Kapoor', 'neha.kapoor@example.com', '555-0112', '134 Main St', 'Delhi', 'Delhi', '110012'),
(13, 'Sanjeev', 'Mishra', 'sanjeev.mishra@example.com', '555-0113', '135 Main St', 'Delhi', 'Delhi', '110013'),
(14, 'Alok', 'Shukla', 'alok.shukla@example.com', '555-0114', '136 Main St', 'Delhi', 'Delhi', '110014'),
(15, 'Anjali', 'Bansal', 'anjali.bansal@example.com', '555-0115', '137 Main St', 'Delhi', 'Delhi', '110015'),
(16, 'Arjun', 'Saxena', 'arjun.saxena@example.com', '555-0116', '138 Main St', 'Delhi', 'Delhi', '110016'),
(17, 'Priya', 'Malhotra', 'priya.malhotra@example.com', '555-0117', '139 Main St', 'Delhi', 'Delhi', '110017'),
(18, 'Kunal', 'Joshi', 'kunal.joshi@example.com', '555-0118', '140 Main St', 'Delhi', 'Delhi', '110018'),
(19, 'Meena', 'Saini', 'meena.saini@example.com', '555-0119', '141 Main St', 'Delhi', 'Delhi', '110019'),
(20, 'Ritu', 'Tiwari', 'ritu.tiwari@example.com', '555-0120', '142 Main St', 'Delhi', 'Delhi', '110020'),
(21, 'Nitin', 'Bajaj', 'nitin.bajaj@example.com', '555-0121', '143 Main St', 'Delhi', 'Delhi', '110021'),
(22, 'Geeta', 'Kaur', 'geeta.kaur@example.com', '555-0122', '144 Main St', 'Delhi', 'Delhi', '110022'),
(23, 'Ashok', 'Reddy', 'ashok.reddy@example.com', '555-0123', '145 Main St', 'Delhi', 'Delhi', '110023'),
(24, 'Sneha', 'Yadav', 'sneha.yadav@example.com', '555-0124', '146 Main St', 'Delhi', 'Delhi', '110024'),
(25, 'Vivek', 'Bhatnagar', 'vivek.bhatnagar@example.com', '555-0125', '147 Main St', 'Delhi', 'Delhi', '110025'),
(26, 'Swati', 'Arora', 'swati.arora@example.com', '555-0126', '148 Main St', 'Delhi', 'Delhi', '110026'),
(27, 'Aakash', 'Chawla', 'aakash.chawla@example.com', '555-0127', '149 Main St', 'Delhi', 'Delhi', '110027'),
(28, 'Suman', 'Vohra', 'suman.vohra@example.com', '555-0128', '150 Main St', 'Delhi', 'Delhi', '110028'),
(29, 'Harsh', 'Mathur', 'harsh.mathur@example.com', '555-0129', '151 Main St', 'Delhi', 'Delhi', '110029'),
(30, 'Rekha', 'Garg', 'rekha.garg@example.com', '555-0130', '152 Main St', 'Delhi', 'Delhi', '110030'),
(31, 'Dinesh', 'Patel', 'dinesh.patel@example.com', '555-0131', '153 Main St', 'Delhi', 'Delhi', '110031'),
(32, 'Divya', 'Rastogi', 'divya.rastogi@example.com', '555-0132', '154 Main St', 'Delhi', 'Delhi', '110032'),
(33, 'Varun', 'Khatri', 'varun.khatri@example.com', '555-0133', '155 Main St', 'Delhi', 'Delhi', '110033'),
(34, 'Nidhi', 'Sehgal', 'nidhi.sehgal@example.com', '555-0134', '156 Main St', 'Delhi', 'Delhi', '110034'),
(35, 'Anup', 'Rana', 'anup.rana@example.com', '555-0135', '157 Main St', 'Delhi', 'Delhi', '110035'),
(36, 'Pankaj', 'Sethi', 'pankaj.sethi@example.com', '555-0136', '158 Main St', 'Delhi', 'Delhi', '110036'),
(37, 'Neeraj', 'Ahuja', 'neeraj.ahuja@example.com', '555-0137', '159 Main St', 'Delhi', 'Delhi', '110037'),
(38, 'Jaya', 'Batra', 'jaya.batra@example.com', '555-0138', '160 Main St', 'Delhi', 'Delhi', '110038'),
(39, 'Abhishek', 'Gill', 'abhishek.gill@example.com', '555-0139', '161 Main St', 'Delhi', 'Delhi', '110039'),
(40, 'Preeti', 'Goswami', 'preeti.goswami@example.com', '555-0140', '162 Main St', 'Delhi', 'Delhi', '110040'),
(41, 'Deepak', 'Dhillon', 'deepak.dhillon@example.com', '555-0141', '163 Main St', 'Delhi', 'Delhi', '110041'),
(42, 'Kirti', 'Anand', 'kirti.anand@example.com', '555-0142', '164 Main St', 'Delhi', 'Delhi', '110042'),
(43, 'Mohan', 'Chaudhary', 'mohan.chaudhary@example.com', '555-0143', '165 Main St', 'Delhi', 'Delhi', '110043'),
(44, 'Rina', 'Narula', 'rina.narula@example.com', '555-0144', '166 Main St', 'Delhi', 'Delhi', '110044'),
(45, 'Gaurav', 'Dua', 'gaurav.dua@example.com', '555-0145', '167 Main St', 'Delhi', 'Delhi', '110045'),
(46, 'Shilpa', 'Kaushik', 'shilpa.kaushik@example.com', '555-0146', '168 Main St', 'Delhi', 'Delhi', '110046'),
(47, 'Lokesh', 'Kohli', 'lokesh.kohli@example.com', '555-0147', '169 Main St', 'Delhi', 'Delhi', '110047'),
(48, 'Megha', 'Talwar', 'megha.talwar@example.com', '555-0148', '170 Main St', 'Delhi', 'Delhi', '110048'),
(49, 'Tarun', 'Sood', 'tarun.sood@example.com', '555-0149', '171 Main St', 'Delhi', 'Delhi', '110049'),
(50, 'Simran', 'Chadha', 'simran.chadha@example.com', '555-0150', '172 Main St', 'Delhi', 'Delhi', '110050'),
(51, 'Naveen', 'Oberoi', 'naveen.oberoi@example.com', '555-0151', '173 Main St', 'Delhi', 'Delhi', '110051'),
(52, 'Ruchi', 'Gulati', 'ruchi.gulati@example.com', '555-0152', '174 Main St', 'Delhi', 'Delhi', '110052'),
(53, 'Ajay', 'Kapoor', 'ajay.kapoor@example.com', '555-0153', '175 Main St', 'Delhi', 'Delhi', '110053'),
(54, 'Komal', 'Mehra', 'komal.mehra@example.com', '555-0154', '176 Main St', 'Delhi', 'Delhi', '110054'),
(55, 'Yash', 'Suri', 'yash.suri@example.com', '555-0155', '177 Main St', 'Delhi', 'Delhi', '110055'),
(56, 'Kavita', 'Bakshi', 'kavita.bakshi@example.com', '555-0156', '178 Main St', 'Delhi', 'Delhi', '110056'),
(57, 'Mahesh', 'Bajaj', 'mahesh.bajaj@example.com', '555-0157', '179 Main St', 'Delhi', 'Delhi', '110057'),
(58, 'Pallavi', 'Vyas', 'pallavi.vyas@example.com', '555-0158', '180 Main St', 'Delhi', 'Delhi', '110058'),
(59, 'Arvind', 'Talwar', 'arvind.talwar@example.com', '555-0159', '181 Main St', 'Delhi', 'Delhi', '110059'),
(60, 'Sangeeta', 'Puri', 'sangeeta.puri@example.com', '555-0160', '182 Main St', 'Delhi', 'Delhi', '110060'),
(61, 'Mukesh', 'Rathore', 'mukesh.rathore@example.com', '555-0161', '183 Main St', 'Delhi', 'Delhi', '110061'),
(62, 'Shweta', 'Gupta', 'shweta.gupta@example.com', '555-0162', '184 Main St', 'Delhi', 'Delhi', '110062'),
(63, 'Vijay', 'Agarwal', 'vijay.agarwal@example.com', '555-0163', '185 Main St', 'Delhi', 'Delhi', '110063'),
(64, 'Amrita', 'Malik', 'amrita.malik@example.com', '555-0164', '186 Main St', 'Delhi', 'Delhi', '110064'),
(65, 'Rohan', 'Dhawan', 'rohan.dhawan@example.com', '555-0165', '187 Main St', 'Delhi', 'Delhi', '110065'),
(66, 'Sarita', 'Rawat', 'sarita.rawat@example.com', '555-0166', '188 Main St', 'Delhi', 'Delhi', '110066'),
(67, 'Ishaan', 'Grewal', 'ishaan.grewal@example.com', '555-0167', '189 Main St', 'Delhi', 'Delhi', '110067'),
(68, 'Vishal', 'Madan', 'vishal.madan@example.com', '555-0168', '190 Main St', 'Delhi', 'Delhi', '110068'),
(69, 'Lata', 'Singh', 'lata.singh@example.com', '555-0169', '191 Main St', 'Delhi', 'Delhi', '110069'),
(70, 'Ritu', 'Nagpal', 'ritu.nagpal@example.com', '555-0170', '192 Main St', 'Delhi', 'Delhi', '110070'),
(71, 'Karan', 'Bedi', 'karan.bedi@example.com', '555-0171', '193 Main St', 'Delhi', 'Delhi', '110071'),
(72, 'Neerja', 'Bajaj', 'neerja.bajaj@example.com', '555-0172', '194 Main St', 'Delhi', 'Delhi', '110072'),
(73, 'Madhur', 'Purohit', 'madhur.purohit@example.com', '555-0173', '195 Main St', 'Delhi', 'Delhi', '110073'),
(74, 'Sakshi', 'Mathur', 'sakshi.mathur@example.com', '555-0174', '196 Main St', 'Delhi', 'Delhi', '110074'),
(75, 'Vikram', 'Soni', 'vikram.soni@example.com', '555-0175', '197 Main St', 'Delhi', 'Delhi', '110075'),
(76, 'Anjali', 'Grover', 'anjali.grover@example.com', '555-0176', '198 Main St', 'Delhi', 'Delhi', '110076'),
(77, 'Arjun', 'Sarin', 'arjun.sarin@example.com', '555-0177', '199 Main St', 'Delhi', 'Delhi', '110077'),
(78, 'Kriti', 'Mehrotra', 'kriti.mehrotra@example.com', '555-0178', '200 Main St', 'Delhi', 'Delhi', '110078'),
(79, 'Aman', 'Sethi', 'aman.sethi@example.com', '555-0179', '201 Main St', 'Delhi', 'Delhi', '110079'),
(80, 'Maya', 'Chopra', 'maya.chopra@example.com', '555-0180', '202 Main St', 'Delhi', 'Delhi', '110080'),
(81, 'Ravindra', 'Khanna', 'ravindra.khanna@example.com', '555-0181', '203 Main St', 'Delhi', 'Delhi', '110081'),
(82, 'Sneha', 'Duggal', 'sneha.duggal@example.com', '555-0182', '204 Main St', 'Delhi', 'Delhi', '110082'),
(83, 'Yogesh', 'Khatri', 'yogesh.khatri@example.com', '555-0183', '205 Main St', 'Delhi', 'Delhi', '110083'),
(84, 'Tina', 'Bharadwaj', 'tina.bharadwaj@example.com', '555-0184', '206 Main St', 'Delhi', 'Delhi', '110084'),
(85, 'Parag', 'Bhasin', 'parag.bhasin@example.com', '555-0185', '207 Main St', 'Delhi', 'Delhi', '110085'),
(86, 'Megha', 'Ahuja', 'megha.ahuja@example.com', '555-0186', '208 Main St', 'Delhi', 'Delhi', '110086'),
(87, 'Anupam', 'Tyagi', 'anupam.tyagi@example.com', '555-0187', '209 Main St', 'Delhi', 'Delhi', '110087'),
(88, 'Jyoti', 'Bansal', 'jyoti.bansal@example.com', '555-0188', '210 Main St', 'Delhi', 'Delhi', '110088'),
(89, 'Rahul', 'Gulati', 'rahul.gulati@example.com', '555-0189', '211 Main St', 'Delhi', 'Delhi', '110089'),
(90, 'Sonali', 'Nanda', 'sonali.nanda@example.com', '555-0190', '212 Main St', 'Delhi', 'Delhi', '110090'),
(91, 'Vinay', 'Bhatt', 'vinay.bhatt@example.com', '555-0191', '213 Main St', 'Delhi', 'Delhi', '110091'),
(92, 'Kiran', 'Khurana', 'kiran.khurana@example.com', '555-0192', '214 Main St', 'Delhi', 'Delhi', '110092'),
(93, 'Rishi', 'Madaan', 'rishi.madaan@example.com', '555-0193', '215 Main St', 'Delhi', 'Delhi', '110093'),
(94, 'Anita', 'Mendiratta', 'anita.mendiratta@example.com', '555-0194', '216 Main St', 'Delhi', 'Delhi', '110094'),
(95, 'Harish', 'Bhardwaj', 'harish.bhardwaj@example.com', '555-0195', '217 Main St', 'Delhi', 'Delhi', '110095'),
(96, 'Monika', 'Duggal', 'monika.duggal@example.com', '555-0196', '218 Main St', 'Delhi', 'Delhi', '110096'),
(97, 'Ravi', 'Bajaj', 'ravi.bajaj@example.com', '555-0197', '219 Main St', 'Delhi', 'Delhi', '110097'),
(98, 'Nisha', 'Chaturvedi', 'nisha.chaturvedi@example.com', '555-0198', '220 Main St', 'Delhi', 'Delhi', '110098'),
(99, 'Tarun', 'Goyal', 'tarun.goyal@example.com', '555-0199', '221 Main St', 'Delhi', 'Delhi', '110099'),
(100, 'Kavya', 'Soni', 'kavya.soni@example.com', '555-0200', '222 Main St', 'Delhi', 'Delhi', '110100');

-- --------------------------------------------------------

--
-- Table structure for table `orderitems`
--

CREATE TABLE `orderitems` (
  `OrderItemID` int(11) NOT NULL,
  `OrderID` int(11) DEFAULT NULL,
  `ProductID` int(11) DEFAULT NULL,
  `Quantity` int(11) DEFAULT NULL,
  `Price` decimal(10,2) DEFAULT NULL
) ENGINE=InnoDB DEFAULT CHARSET=utf8mb4 COLLATE=utf8mb4_general_ci;

--
-- Dumping data for table `orderitems`
--

INSERT INTO `orderitems` (`OrderItemID`, `OrderID`, `ProductID`, `Quantity`, `Price`) VALUES
(1, 439, 14, 8, 88.45),
(2, 383, 24, 1, 107.70),
(3, 322, 15, 5, 68.37),
(4, 230, 28, 4, 15.69),
(5, 137, 10, 2, 35.41),
(6, 381, 3, 10, 64.85),
(7, 468, 2, 4, 65.27),
(8, 393, 14, 10, 23.41),
(9, 354, 7, 6, 34.51),
(10, 324, 25, 6, 30.16),
(11, 198, 19, 7, 39.64),
(12, 216, 14, 1, 43.68),
(13, 304, 2, 4, 61.48),
(14, 307, 27, 8, 38.05),
(15, 48, 32, 9, 62.73),
(16, 490, 16, 7, 23.90),
(17, 428, 43, 8, 106.06),
(18, 346, 29, 8, 32.53),
(19, 381, 7, 4, 57.68),
(20, 131, 44, 6, 38.45),
(21, 341, 28, 8, 105.45),
(22, 302, 8, 10, 44.07),
(23, 411, 5, 10, 65.23),
(24, 439, 37, 1, 95.46),
(25, 126, 35, 7, 47.51),
(26, 407, 47, 3, 54.80),
(27, 242, 4, 9, 37.32),
(28, 340, 29, 9, 50.99),
(29, 287, 32, 5, 55.91),
(30, 435, 49, 3, 38.02),
(31, 345, 31, 10, 101.24),
(32, 366, 47, 5, 37.28),
(33, 72, 46, 1, 75.17),
(34, 24, 14, 3, 53.88),
(35, 215, 42, 9, 80.58),
(36, 12, 50, 10, 63.46),
(37, 482, 11, 2, 29.77),
(38, 246, 43, 9, 60.34),
(39, 37, 43, 1, 75.65),
(40, 78, 41, 6, 48.65),
(41, 126, 5, 8, 49.53),
(42, 381, 32, 9, 37.46),
(43, 444, 31, 5, 27.18),
(44, 327, 38, 8, 79.79),
(45, 61, 26, 2, 54.72),
(46, 324, 45, 6, 95.67),
(47, 386, 15, 1, 71.49),
(48, 401, 9, 5, 63.03),
(49, 222, 32, 8, 17.38),
(50, 2, 40, 10, 46.72),
(51, 496, 43, 4, 108.66),
(52, 499, 2, 2, 76.74),
(53, 443, 22, 5, 108.43),
(54, 287, 46, 9, 64.92),
(55, 84, 10, 5, 73.35),
(56, 425, 18, 2, 91.15),
(57, 277, 17, 1, 13.68),
(58, 81, 35, 10, 98.87),
(59, 229, 32, 8, 93.69),
(60, 481, 15, 6, 18.13),
(61, 313, 45, 6, 19.18),
(62, 405, 39, 5, 99.15),
(63, 65, 49, 5, 46.29),
(64, 228, 10, 6, 35.92),
(65, 304, 13, 5, 60.61),
(66, 85, 17, 2, 70.97),
(67, 350, 34, 3, 22.97),
(68, 488, 25, 6, 21.62),
(69, 16, 41, 10, 45.79),
(70, 458, 26, 8, 43.76),
(71, 190, 45, 3, 90.93),
(72, 83, 20, 5, 34.45),
(73, 382, 5, 2, 42.02),
(74, 133, 19, 1, 10.68),
(75, 489, 44, 4, 48.98),
(76, 379, 31, 8, 23.59),
(77, 148, 4, 5, 14.02),
(78, 429, 9, 3, 88.43),
(79, 77, 21, 6, 85.85),
(80, 499, 36, 6, 74.20),
(81, 275, 41, 5, 87.01),
(82, 258, 14, 8, 23.44),
(83, 156, 8, 9, 83.02),
(84, 68, 25, 1, 66.69),
(85, 415, 23, 8, 41.21),
(86, 189, 48, 6, 24.16),
(87, 462, 10, 2, 39.73),
(88, 485, 48, 9, 58.79),
(89, 413, 34, 9, 35.52),
(90, 363, 43, 2, 12.07),
(91, 373, 34, 1, 51.58),
(92, 418, 47, 2, 105.32),
(93, 159, 37, 7, 36.07),
(94, 119, 20, 3, 32.70),
(95, 141, 37, 8, 83.98),
(96, 175, 27, 6, 47.06),
(97, 41, 15, 3, 27.72),
(98, 129, 38, 1, 85.75),
(99, 387, 30, 7, 55.50),
(100, 167, 16, 6, 79.85),
(101, 463, 27, 9, 84.30),
(102, 60, 19, 5, 37.10),
(103, 467, 43, 5, 85.81),
(104, 201, 37, 5, 19.06),
(105, 41, 7, 5, 76.52),
(106, 46, 24, 1, 93.30),
(107, 15, 33, 2, 95.20),
(108, 390, 17, 4, 86.78),
(109, 385, 27, 4, 44.96),
(110, 284, 40, 3, 80.95),
(111, 458, 23, 5, 13.25),
(112, 373, 32, 10, 77.89),
(113, 327, 12, 2, 34.05),
(114, 323, 26, 7, 59.12),
(115, 324, 38, 9, 11.57),
(116, 251, 24, 8, 69.95),
(117, 305, 13, 5, 44.39),
(118, 233, 15, 1, 51.66),
(119, 456, 16, 8, 13.98),
(120, 414, 1, 6, 101.27),
(121, 396, 11, 7, 91.92),
(122, 12, 33, 3, 14.59),
(123, 313, 50, 1, 48.95),
(124, 367, 25, 3, 98.46),
(125, 302, 18, 10, 97.66),
(126, 205, 21, 9, 12.83),
(127, 288, 40, 3, 80.76),
(128, 449, 18, 2, 52.86),
(129, 421, 47, 1, 79.43),
(130, 96, 44, 9, 51.25),
(131, 319, 48, 9, 34.39),
(132, 386, 7, 4, 33.97),
(133, 113, 21, 4, 56.20),
(134, 156, 9, 10, 15.36),
(135, 266, 25, 9, 106.97),
(136, 86, 48, 3, 36.45),
(137, 330, 26, 6, 26.52),
(138, 112, 31, 5, 34.42),
(139, 482, 5, 6, 48.84),
(140, 180, 32, 1, 53.48),
(141, 492, 31, 2, 78.42),
(142, 56, 26, 2, 56.11),
(143, 359, 11, 9, 85.28),
(144, 72, 23, 9, 95.52),
(145, 373, 9, 6, 45.68),
(146, 41, 17, 5, 22.06),
(147, 166, 15, 5, 57.67),
(148, 486, 22, 3, 84.74),
(149, 64, 20, 6, 85.58),
(150, 9, 41, 1, 80.64),
(151, 220, 4, 1, 17.54),
(152, 98, 38, 2, 74.23),
(153, 335, 22, 1, 30.82),
(154, 380, 9, 6, 47.18),
(155, 65, 27, 3, 75.14),
(156, 260, 33, 7, 42.38),
(157, 336, 20, 9, 40.70),
(158, 434, 21, 5, 16.26),
(159, 468, 25, 7, 71.21),
(160, 112, 15, 8, 97.71),
(161, 75, 6, 2, 37.66),
(162, 6, 12, 2, 92.84),
(163, 418, 35, 10, 84.04),
(164, 404, 41, 7, 95.06),
(165, 137, 41, 3, 88.70),
(166, 100, 32, 6, 14.32),
(167, 221, 4, 1, 15.79),
(168, 59, 21, 8, 47.16),
(169, 344, 17, 6, 88.19),
(170, 131, 48, 10, 20.39),
(171, 270, 20, 3, 40.00),
(172, 318, 14, 5, 57.69),
(173, 5, 31, 1, 38.65),
(174, 182, 48, 8, 75.36),
(175, 75, 40, 5, 107.19),
(176, 235, 22, 8, 53.41),
(177, 468, 19, 1, 26.03),
(178, 318, 35, 6, 91.64),
(179, 169, 12, 2, 13.91),
(180, 379, 34, 1, 37.91),
(181, 116, 16, 10, 65.18),
(182, 27, 31, 10, 76.96),
(183, 322, 11, 2, 107.12),
(184, 248, 28, 4, 98.40),
(185, 242, 39, 4, 65.17),
(186, 327, 31, 1, 72.04),
(187, 416, 15, 10, 19.50),
(188, 241, 6, 2, 43.33),
(189, 130, 15, 8, 73.43),
(190, 29, 20, 8, 66.32),
(191, 295, 13, 6, 90.06),
(192, 231, 46, 2, 108.19),
(193, 247, 26, 2, 105.72),
(194, 242, 28, 3, 87.02),
(195, 3, 36, 6, 73.19),
(196, 248, 30, 5, 44.78),
(197, 243, 20, 5, 20.36),
(198, 86, 28, 2, 47.14),
(199, 130, 9, 2, 109.96),
(200, 341, 21, 1, 88.33),
(201, 455, 10, 3, 80.66),
(202, 377, 33, 10, 101.26),
(203, 327, 27, 7, 89.15),
(204, 468, 15, 7, 65.09),
(205, 344, 40, 9, 96.50),
(206, 401, 21, 7, 16.27),
(207, 167, 24, 4, 53.96),
(208, 41, 5, 2, 79.63),
(209, 454, 23, 6, 34.14),
(210, 328, 28, 9, 47.90),
(211, 235, 11, 7, 55.41),
(212, 216, 40, 7, 15.97),
(213, 114, 48, 2, 79.38),
(214, 63, 28, 4, 24.95),
(215, 337, 46, 6, 18.85),
(216, 369, 22, 10, 35.50),
(217, 280, 2, 5, 40.87),
(218, 51, 29, 6, 31.52),
(219, 153, 45, 5, 91.26),
(220, 295, 26, 8, 39.14),
(221, 87, 50, 5, 24.15),
(222, 223, 41, 7, 104.15),
(223, 351, 35, 4, 56.70),
(224, 215, 38, 5, 103.12),
(225, 180, 50, 10, 65.59),
(226, 26, 30, 9, 34.98),
(227, 417, 21, 6, 76.51),
(228, 289, 45, 8, 98.85),
(229, 156, 45, 6, 99.63),
(230, 472, 2, 4, 55.18),
(231, 170, 17, 7, 45.52),
(232, 378, 36, 3, 33.17),
(233, 174, 3, 2, 80.99),
(234, 25, 6, 5, 83.76),
(235, 223, 1, 8, 60.48),
(236, 204, 27, 4, 51.16),
(237, 434, 6, 10, 37.22),
(238, 306, 12, 4, 12.59),
(239, 45, 19, 6, 92.75),
(240, 187, 19, 8, 84.51),
(241, 199, 38, 6, 65.25),
(242, 41, 38, 5, 26.56),
(243, 195, 23, 1, 12.93),
(244, 461, 27, 9, 75.21),
(245, 365, 35, 3, 39.00),
(246, 315, 14, 5, 76.00),
(247, 403, 3, 9, 100.27),
(248, 46, 38, 5, 26.05),
(249, 177, 15, 4, 104.42),
(250, 322, 20, 1, 95.72),
(251, 138, 41, 2, 65.65),
(252, 101, 17, 1, 54.31),
(253, 470, 19, 1, 101.46),
(254, 286, 6, 9, 93.15),
(255, 332, 42, 2, 22.54),
(256, 137, 50, 2, 75.96),
(257, 462, 32, 5, 19.95),
(258, 149, 10, 1, 81.28),
(259, 198, 42, 10, 54.28),
(260, 123, 46, 8, 22.85),
(261, 173, 17, 7, 30.86),
(262, 58, 48, 4, 25.07),
(263, 278, 17, 10, 90.52),
(264, 80, 19, 5, 107.19),
(265, 297, 3, 5, 25.67),
(266, 202, 28, 6, 12.07),
(267, 252, 23, 8, 52.13),
(268, 420, 47, 2, 92.72),
(269, 386, 19, 6, 72.09),
(270, 232, 23, 9, 107.73),
(271, 145, 26, 7, 101.19),
(272, 247, 37, 2, 71.51),
(273, 299, 7, 10, 22.32),
(274, 445, 5, 8, 51.89),
(275, 450, 12, 5, 80.30),
(276, 35, 12, 10, 29.68),
(277, 19, 30, 9, 66.68),
(278, 110, 20, 4, 56.40),
(279, 163, 12, 2, 35.37),
(280, 349, 37, 6, 53.84),
(281, 315, 42, 3, 93.20),
(282, 183, 17, 6, 95.76),
(283, 287, 15, 8, 87.50),
(284, 345, 7, 6, 47.39),
(285, 112, 50, 3, 56.10),
(286, 223, 43, 9, 94.82),
(287, 309, 27, 9, 69.74),
(288, 230, 26, 2, 31.63),
(289, 322, 29, 9, 88.16),
(290, 112, 39, 2, 67.44),
(291, 172, 50, 10, 81.80),
(292, 385, 35, 2, 85.54),
(293, 136, 5, 7, 102.96),
(294, 364, 43, 1, 78.51),
(295, 147, 21, 2, 80.29),
(296, 474, 32, 3, 70.94),
(297, 76, 47, 2, 20.09),
(298, 490, 30, 1, 35.16),
(299, 125, 25, 8, 21.00),
(300, 198, 33, 1, 44.22),
(301, 269, 34, 7, 56.36),
(302, 126, 44, 6, 40.71),
(303, 396, 2, 8, 89.22),
(304, 317, 40, 1, 95.36),
(305, 69, 7, 2, 71.22),
(306, 239, 28, 3, 93.46),
(307, 147, 48, 10, 79.68),
(308, 371, 31, 9, 48.88),
(309, 204, 44, 2, 102.42),
(310, 156, 39, 10, 59.76),
(311, 293, 22, 5, 91.28),
(312, 396, 26, 3, 58.70),
(313, 408, 31, 7, 31.82),
(314, 131, 33, 5, 49.83),
(315, 291, 36, 9, 104.12),
(316, 130, 24, 6, 65.55),
(317, 495, 14, 5, 41.24),
(318, 136, 21, 3, 24.56),
(319, 444, 50, 4, 72.45),
(320, 78, 45, 1, 52.13),
(321, 20, 47, 6, 101.51),
(322, 475, 50, 2, 83.95),
(323, 129, 4, 6, 63.31),
(324, 17, 29, 8, 103.74),
(325, 254, 37, 2, 44.12),
(326, 199, 48, 6, 22.10),
(327, 405, 35, 10, 97.08),
(328, 202, 21, 9, 97.37),
(329, 457, 48, 1, 25.94),
(330, 397, 25, 1, 99.20),
(331, 121, 27, 10, 13.14),
(332, 193, 42, 1, 62.73),
(333, 312, 27, 8, 42.70),
(334, 143, 23, 4, 55.76),
(335, 109, 36, 10, 57.60),
(336, 304, 31, 3, 29.94),
(337, 195, 18, 6, 93.01),
(338, 213, 32, 9, 69.15),
(339, 130, 27, 9, 74.61),
(340, 350, 28, 7, 79.15),
(341, 224, 9, 5, 96.78),
(342, 463, 2, 4, 75.24),
(343, 114, 9, 2, 56.90),
(344, 374, 17, 5, 12.52),
(345, 460, 27, 9, 77.15),
(346, 409, 4, 9, 36.71),
(347, 326, 23, 4, 33.07),
(348, 99, 15, 9, 58.34),
(349, 401, 28, 4, 22.74),
(350, 285, 23, 6, 65.79),
(351, 15, 24, 3, 11.97),
(352, 116, 5, 8, 68.16),
(353, 297, 11, 4, 99.47),
(354, 273, 3, 6, 87.43),
(355, 65, 17, 3, 22.22),
(356, 481, 22, 4, 30.59),
(357, 60, 49, 6, 82.14),
(358, 8, 46, 5, 87.26),
(359, 182, 26, 5, 65.63),
(360, 274, 4, 7, 33.85),
(361, 66, 48, 4, 84.74),
(362, 397, 37, 3, 13.64),
(363, 229, 9, 5, 103.61),
(364, 105, 12, 6, 22.19),
(365, 453, 9, 1, 108.99),
(366, 332, 18, 8, 77.24),
(367, 68, 33, 9, 54.43),
(368, 286, 27, 10, 103.37),
(369, 484, 2, 3, 37.82),
(370, 280, 49, 2, 89.05),
(371, 273, 18, 2, 69.98),
(372, 302, 11, 3, 81.41),
(373, 377, 31, 9, 43.52),
(374, 81, 40, 6, 23.52),
(375, 80, 20, 5, 33.37),
(376, 362, 46, 4, 31.98),
(377, 463, 49, 1, 56.06),
(378, 40, 1, 9, 28.10),
(379, 183, 15, 4, 86.89),
(380, 436, 3, 7, 17.75),
(381, 224, 1, 7, 40.93),
(382, 281, 44, 7, 89.68),
(383, 468, 15, 7, 36.40),
(384, 224, 23, 9, 109.73),
(385, 198, 50, 8, 78.31),
(386, 119, 8, 10, 62.12),
(387, 321, 32, 3, 53.88),
(388, 191, 30, 9, 37.75),
(389, 479, 48, 9, 73.60),
(390, 241, 25, 1, 75.92),
(391, 106, 4, 8, 68.19),
(392, 309, 17, 9, 29.55),
(393, 226, 34, 10, 102.65),
(394, 338, 30, 10, 105.84),
(395, 474, 43, 5, 79.02),
(396, 46, 20, 7, 21.07),
(397, 297, 32, 4, 17.10),
(398, 85, 32, 7, 47.25),
(399, 451, 20, 3, 11.01),
(400, 174, 36, 5, 38.96),
(401, 4, 9, 9, 63.26),
(402, 123, 32, 5, 30.79),
(403, 389, 14, 10, 27.09),
(404, 438, 43, 7, 88.88),
(405, 463, 13, 5, 82.81),
(406, 74, 28, 3, 94.25),
(407, 162, 5, 5, 109.71),
(408, 319, 10, 1, 85.04),
(409, 275, 25, 9, 71.42),
(410, 308, 12, 4, 97.74),
(411, 222, 30, 6, 31.26),
(412, 142, 39, 1, 95.17),
(413, 75, 10, 5, 100.04),
(414, 13, 21, 1, 95.80),
(415, 111, 27, 10, 45.66),
(416, 408, 1, 6, 91.84),
(417, 200, 27, 5, 91.24),
(418, 306, 31, 3, 47.59),
(419, 74, 31, 6, 23.48),
(420, 451, 6, 9, 88.76),
(421, 239, 1, 7, 33.94),
(422, 112, 20, 4, 42.24),
(423, 356, 30, 8, 28.87),
(424, 290, 17, 10, 69.62),
(425, 114, 18, 1, 33.23),
(426, 499, 15, 5, 48.87),
(427, 296, 40, 2, 61.49),
(428, 22, 34, 3, 20.70),
(429, 432, 50, 4, 10.27),
(430, 408, 4, 9, 36.20),
(431, 316, 19, 10, 76.26),
(432, 226, 14, 10, 14.40),
(433, 160, 24, 4, 53.61),
(434, 42, 6, 3, 11.00),
(435, 131, 14, 6, 20.81),
(436, 392, 30, 7, 37.73),
(437, 278, 48, 1, 47.01),
(438, 368, 29, 7, 57.90),
(439, 242, 50, 5, 43.55),
(440, 155, 28, 8, 36.01),
(441, 486, 4, 5, 15.26),
(442, 450, 17, 10, 107.20),
(443, 434, 21, 5, 24.65),
(444, 149, 3, 4, 60.78),
(445, 279, 13, 7, 41.99),
(446, 373, 39, 6, 67.65),
(447, 84, 6, 1, 93.35),
(448, 38, 44, 2, 29.52),
(449, 239, 40, 6, 53.84),
(450, 245, 7, 2, 67.58),
(451, 148, 38, 9, 106.94),
(452, 163, 36, 7, 98.44),
(453, 301, 18, 10, 91.46),
(454, 72, 14, 10, 87.37),
(455, 61, 15, 1, 49.24),
(456, 410, 46, 2, 102.76),
(457, 114, 18, 1, 48.13),
(458, 321, 3, 4, 75.63),
(459, 93, 48, 3, 33.49),
(460, 258, 44, 9, 51.60),
(461, 333, 4, 4, 76.70),
(462, 101, 1, 5, 19.63),
(463, 108, 40, 3, 10.44),
(464, 106, 2, 6, 81.36),
(465, 435, 11, 5, 51.06),
(466, 422, 50, 5, 14.83),
(467, 19, 2, 1, 39.00),
(468, 104, 9, 3, 65.61),
(469, 74, 4, 9, 34.36),
(470, 277, 2, 6, 62.33),
(471, 18, 31, 10, 84.66),
(472, 500, 38, 8, 80.66),
(473, 72, 30, 6, 97.29),
(474, 389, 14, 10, 25.78),
(475, 410, 32, 7, 51.61),
(476, 55, 15, 2, 103.09),
(477, 80, 50, 6, 68.19),
(478, 182, 4, 3, 27.54),
(479, 19, 34, 3, 12.27),
(480, 253, 24, 8, 66.69),
(481, 232, 31, 7, 71.46),
(482, 498, 7, 7, 97.61),
(483, 214, 26, 3, 81.72),
(484, 424, 4, 9, 14.25),
(485, 323, 5, 6, 57.48),
(486, 357, 8, 6, 52.85),
(487, 215, 44, 1, 61.21),
(488, 252, 49, 4, 104.41),
(489, 299, 8, 10, 44.22),
(490, 419, 8, 3, 99.32),
(491, 325, 29, 9, 75.29),
(492, 331, 18, 8, 70.86),
(493, 432, 25, 9, 97.76),
(494, 388, 13, 9, 82.83),
(495, 484, 33, 4, 83.31),
(496, 331, 6, 6, 54.83),
(497, 290, 28, 1, 48.16),
(498, 447, 16, 10, 68.21),
(499, 96, 11, 5, 84.13),
(500, 143, 10, 2, 22.47),
(501, 95, 29, 3, 81.50),
(502, 360, 23, 2, 25.97),
(503, 245, 49, 4, 97.40),
(504, 156, 47, 8, 92.95),
(505, 487, 19, 10, 81.12),
(506, 325, 6, 7, 83.94),
(507, 426, 2, 7, 109.51),
(508, 59, 30, 7, 52.55),
(509, 97, 35, 9, 43.00),
(510, 3, 2, 2, 84.02),
(511, 95, 37, 1, 24.69),
(512, 270, 13, 7, 52.24),
(513, 105, 39, 3, 107.47),
(514, 45, 26, 4, 19.76),
(515, 248, 9, 5, 63.83),
(516, 223, 31, 8, 83.29),
(517, 265, 23, 7, 88.96),
(518, 40, 2, 10, 58.22),
(519, 333, 45, 5, 53.98),
(520, 473, 21, 3, 88.75),
(521, 166, 15, 5, 60.59),
(522, 49, 49, 6, 83.27),
(523, 46, 13, 1, 44.46),
(524, 325, 11, 1, 94.24),
(525, 467, 7, 9, 12.34),
(526, 229, 11, 7, 89.41),
(527, 458, 10, 3, 56.81),
(528, 359, 10, 8, 33.65),
(529, 457, 43, 6, 30.38),
(530, 175, 7, 7, 86.28),
(531, 456, 14, 6, 24.17),
(532, 475, 17, 8, 92.35),
(533, 423, 38, 3, 107.02),
(534, 54, 32, 8, 17.22),
(535, 500, 40, 10, 28.36),
(536, 102, 24, 8, 21.74),
(537, 243, 4, 10, 51.05),
(538, 134, 6, 8, 38.24),
(539, 128, 22, 4, 71.11),
(540, 459, 38, 10, 82.57),
(541, 323, 3, 4, 51.62),
(542, 71, 23, 9, 105.82),
(543, 96, 5, 9, 105.41),
(544, 125, 19, 2, 72.88),
(545, 342, 27, 6, 48.79),
(546, 78, 31, 6, 21.57),
(547, 405, 35, 1, 35.61),
(548, 34, 29, 7, 56.30),
(549, 209, 35, 3, 16.12),
(550, 308, 45, 7, 57.82),
(551, 246, 2, 7, 18.03),
(552, 259, 18, 2, 90.72),
(553, 267, 13, 7, 47.98),
(554, 16, 1, 10, 97.07),
(555, 202, 21, 9, 97.56),
(556, 462, 50, 2, 91.25),
(557, 303, 30, 2, 86.48),
(558, 258, 15, 9, 62.82),
(559, 6, 24, 4, 33.54),
(560, 93, 11, 6, 105.29),
(561, 104, 9, 3, 88.08),
(562, 59, 13, 9, 71.63),
(563, 236, 26, 2, 25.07),
(564, 173, 14, 4, 86.58),
(565, 443, 7, 10, 57.28),
(566, 229, 44, 10, 25.16),
(567, 457, 6, 9, 78.43),
(568, 9, 2, 2, 54.80),
(569, 457, 12, 4, 34.62),
(570, 39, 33, 1, 25.07),
(571, 346, 1, 10, 83.31),
(572, 409, 45, 10, 34.44),
(573, 140, 34, 5, 55.48),
(574, 402, 33, 9, 28.40),
(575, 224, 35, 1, 38.38),
(576, 112, 14, 7, 54.59),
(577, 145, 6, 7, 107.09),
(578, 443, 26, 9, 101.12),
(579, 448, 38, 1, 99.94),
(580, 211, 21, 8, 79.01),
(581, 50, 22, 9, 93.98),
(582, 367, 8, 6, 24.41),
(583, 89, 23, 8, 49.13),
(584, 350, 16, 6, 65.11),
(585, 125, 30, 3, 43.42),
(586, 1, 1, 1, 10.32),
(587, 7, 3, 3, 12.84),
(588, 213, 2, 10, 56.46),
(589, 289, 25, 8, 17.80),
(590, 133, 5, 7, 21.36),
(591, 264, 15, 10, 75.54),
(592, 273, 39, 2, 70.29),
(593, 240, 30, 5, 81.32),
(594, 42, 14, 2, 88.39),
(595, 279, 22, 5, 22.01),
(596, 78, 21, 6, 80.74),
(597, 388, 38, 5, 101.66),
(598, 140, 33, 5, 18.65),
(599, 106, 40, 4, 51.63),
(600, 497, 36, 6, 88.13),
(601, 79, 22, 8, 35.89),
(602, 77, 50, 5, 62.17),
(603, 55, 50, 6, 108.34),
(604, 79, 42, 8, 14.43),
(605, 45, 16, 3, 64.24),
(606, 412, 25, 10, 54.06),
(607, 128, 48, 1, 29.42),
(608, 467, 5, 7, 101.22),
(609, 329, 28, 8, 26.87),
(610, 280, 15, 8, 107.20),
(611, 279, 44, 7, 82.02),
(612, 305, 45, 6, 39.20),
(613, 348, 31, 10, 93.42),
(614, 193, 22, 10, 57.92),
(615, 276, 17, 10, 88.91),
(616, 47, 6, 3, 93.15),
(617, 238, 45, 10, 38.41),
(618, 231, 23, 9, 17.99),
(619, 367, 22, 10, 48.56),
(620, 65, 25, 1, 89.43),
(621, 409, 36, 1, 30.31),
(622, 415, 27, 2, 42.00),
(623, 24, 14, 3, 42.18),
(624, 462, 33, 5, 54.42),
(625, 393, 30, 7, 41.18),
(626, 351, 29, 8, 106.04),
(627, 303, 8, 10, 24.84),
(628, 495, 25, 6, 20.79),
(629, 491, 29, 10, 10.22),
(630, 86, 43, 8, 11.92),
(631, 483, 39, 10, 49.38),
(632, 77, 30, 5, 62.04),
(633, 121, 33, 6, 69.69),
(634, 232, 27, 3, 70.20),
(635, 152, 36, 7, 22.76),
(636, 340, 1, 1, 11.92),
(637, 35, 15, 3, 34.30),
(638, 279, 3, 6, 89.84),
(639, 110, 36, 9, 25.19),
(640, 103, 29, 3, 52.85),
(641, 232, 2, 8, 78.06),
(642, 72, 34, 10, 84.25),
(643, 424, 1, 6, 64.73),
(644, 94, 15, 9, 66.48),
(645, 83, 7, 2, 49.16),
(646, 245, 14, 9, 66.96),
(647, 112, 21, 4, 74.14),
(648, 44, 26, 3, 95.37),
(649, 223, 34, 10, 98.46),
(650, 251, 43, 8, 35.19),
(651, 487, 6, 7, 83.68),
(652, 427, 3, 7, 43.06),
(653, 282, 42, 5, 82.95),
(654, 161, 22, 2, 53.32),
(655, 375, 23, 10, 59.46),
(656, 291, 22, 4, 67.24),
(657, 380, 4, 1, 36.98),
(658, 27, 23, 2, 26.36),
(659, 254, 2, 7, 37.85),
(660, 178, 47, 7, 36.96),
(661, 252, 36, 1, 102.04),
(662, 293, 9, 1, 95.06),
(663, 23, 34, 3, 31.07),
(664, 155, 46, 7, 47.30),
(665, 3, 46, 6, 95.97),
(666, 376, 9, 7, 76.56),
(667, 204, 2, 10, 76.20),
(668, 226, 14, 10, 24.17),
(669, 371, 14, 2, 107.92),
(670, 206, 6, 4, 49.68),
(671, 469, 25, 7, 89.17),
(672, 499, 31, 1, 51.88),
(673, 475, 25, 7, 63.39),
(674, 434, 37, 1, 28.86),
(675, 353, 48, 7, 53.70),
(676, 103, 36, 10, 70.03),
(677, 80, 50, 5, 61.15),
(678, 30, 38, 7, 91.71),
(679, 115, 35, 8, 94.01),
(680, 424, 36, 1, 105.16),
(681, 354, 34, 3, 43.87),
(682, 434, 17, 1, 18.84),
(683, 204, 39, 7, 97.41),
(684, 229, 33, 10, 76.49),
(685, 270, 35, 9, 35.28),
(686, 330, 27, 7, 94.43),
(687, 79, 13, 8, 23.72),
(688, 178, 19, 8, 75.38),
(689, 13, 8, 8, 24.71),
(690, 280, 18, 2, 58.10),
(691, 36, 46, 4, 16.39),
(692, 117, 49, 2, 106.65),
(693, 148, 29, 1, 41.93),
(694, 281, 43, 6, 34.73),
(695, 281, 4, 7, 106.08),
(696, 458, 35, 8, 61.73),
(697, 215, 30, 7, 72.51),
(698, 41, 27, 5, 60.11),
(699, 123, 37, 9, 33.55),
(700, 268, 49, 3, 29.10),
(701, 153, 48, 9, 54.32),
(702, 315, 41, 2, 62.92),
(703, 30, 36, 4, 71.16),
(704, 13, 15, 4, 102.49),
(705, 278, 1, 4, 78.88),
(706, 215, 5, 2, 46.07),
(707, 220, 6, 3, 103.55),
(708, 455, 38, 10, 76.73),
(709, 201, 1, 9, 21.74),
(710, 53, 9, 6, 32.17),
(711, 233, 33, 10, 62.94),
(712, 472, 7, 8, 71.99),
(713, 351, 33, 2, 84.75),
(714, 161, 19, 9, 29.62),
(715, 204, 23, 1, 82.85),
(716, 301, 41, 3, 107.53),
(717, 10, 9, 9, 61.25),
(718, 72, 9, 5, 90.55),
(719, 311, 35, 6, 88.12),
(720, 102, 34, 8, 79.23),
(721, 121, 7, 10, 29.02),
(722, 104, 24, 8, 26.90),
(723, 352, 1, 10, 66.43),
(724, 38, 35, 2, 96.41),
(725, 389, 15, 2, 78.79),
(726, 55, 25, 1, 106.14),
(727, 282, 47, 10, 15.18),
(728, 176, 30, 10, 100.15),
(729, 345, 38, 7, 10.02),
(730, 32, 16, 5, 15.79),
(731, 41, 12, 10, 94.39),
(732, 250, 49, 4, 85.76),
(733, 398, 36, 2, 60.42),
(734, 79, 14, 9, 67.91),
(735, 132, 29, 2, 90.58),
(736, 351, 5, 4, 57.19),
(737, 157, 8, 9, 70.39),
(738, 294, 7, 9, 101.01),
(739, 492, 10, 10, 34.19),
(740, 170, 49, 9, 34.50),
(741, 367, 47, 5, 54.91),
(742, 452, 9, 2, 28.02),
(743, 244, 45, 1, 54.57),
(744, 73, 20, 5, 38.95),
(745, 492, 3, 3, 30.97),
(746, 123, 30, 3, 58.10),
(747, 320, 38, 9, 109.41),
(748, 209, 6, 3, 11.62),
(749, 143, 19, 1, 13.48),
(750, 37, 13, 1, 72.52),
(751, 442, 28, 1, 73.50),
(752, 11, 11, 10, 25.98),
(753, 469, 11, 2, 49.22),
(754, 182, 32, 1, 68.44),
(755, 312, 19, 10, 76.27),
(756, 231, 16, 2, 107.99),
(757, 175, 41, 10, 52.47),
(758, 113, 43, 6, 39.65),
(759, 389, 50, 7, 40.27),
(760, 268, 39, 3, 91.44),
(761, 203, 30, 8, 91.15),
(762, 458, 8, 10, 47.89),
(763, 7, 47, 7, 34.67),
(764, 207, 17, 4, 101.25),
(765, 218, 22, 9, 10.81),
(766, 229, 14, 10, 97.76),
(767, 297, 17, 9, 46.97),
(768, 117, 3, 6, 83.06),
(769, 458, 20, 2, 74.98),
(770, 388, 47, 3, 78.70),
(771, 281, 38, 1, 12.75),
(772, 488, 40, 1, 88.37),
(773, 413, 39, 4, 69.31),
(774, 412, 17, 2, 106.49),
(775, 125, 18, 10, 101.99),
(776, 311, 18, 9, 47.34),
(777, 107, 48, 1, 64.66),
(778, 255, 46, 10, 33.26),
(779, 100, 15, 9, 59.29),
(780, 420, 36, 1, 32.52),
(781, 449, 41, 4, 42.79),
(782, 294, 48, 1, 31.16),
(783, 6, 21, 1, 12.08),
(784, 471, 33, 4, 108.36),
(785, 388, 47, 3, 79.31),
(786, 294, 43, 6, 16.31),
(787, 367, 24, 2, 61.24),
(788, 498, 22, 2, 72.87),
(789, 293, 3, 5, 25.09),
(790, 194, 25, 3, 93.87),
(791, 210, 29, 7, 55.38),
(792, 178, 21, 10, 82.66),
(793, 329, 6, 6, 57.50),
(794, 350, 4, 3, 17.99),
(795, 312, 44, 6, 101.37),
(796, 23, 25, 3, 102.00),
(797, 391, 8, 5, 66.21),
(798, 302, 17, 9, 37.34),
(799, 402, 10, 6, 34.28),
(800, 259, 43, 8, 24.23),
(801, 240, 49, 5, 25.47),
(802, 268, 11, 5, 62.76),
(803, 176, 9, 8, 53.42),
(804, 405, 38, 3, 29.48),
(805, 61, 2, 8, 74.30),
(806, 496, 2, 2, 87.89),
(807, 187, 27, 6, 17.64),
(808, 391, 34, 1, 22.70),
(809, 273, 18, 1, 47.48),
(810, 316, 2, 3, 37.31),
(811, 271, 45, 8, 42.70),
(812, 125, 14, 6, 14.64),
(813, 266, 26, 10, 51.91),
(814, 57, 16, 2, 108.20),
(815, 188, 47, 6, 97.64),
(816, 389, 14, 10, 16.08),
(817, 200, 41, 9, 96.11),
(818, 365, 4, 2, 53.40),
(819, 399, 35, 1, 20.28),
(820, 210, 40, 7, 21.19),
(821, 234, 1, 7, 14.89),
(822, 206, 46, 3, 82.52),
(823, 383, 33, 10, 87.22),
(824, 17, 43, 2, 23.06),
(825, 126, 44, 6, 36.32),
(826, 301, 11, 3, 81.19),
(827, 373, 30, 8, 96.56),
(828, 71, 6, 2, 33.19),
(829, 415, 23, 8, 52.21),
(830, 426, 50, 4, 10.47),
(831, 420, 10, 4, 52.76),
(832, 477, 25, 6, 40.00),
(833, 427, 19, 3, 36.24),
(834, 248, 35, 10, 79.86),
(835, 319, 5, 6, 47.89),
(836, 155, 21, 2, 48.39),
(837, 276, 31, 4, 109.93),
(838, 456, 29, 1, 75.17),
(839, 30, 18, 6, 70.75),
(840, 230, 24, 1, 69.37),
(841, 477, 50, 1, 52.36),
(842, 444, 8, 2, 31.65),
(843, 333, 34, 4, 103.81),
(844, 254, 36, 1, 31.94),
(845, 436, 35, 9, 36.25),
(846, 351, 36, 5, 36.61),
(847, 440, 30, 4, 109.40),
(848, 448, 25, 8, 47.64),
(849, 287, 37, 10, 68.50),
(850, 26, 25, 4, 26.03),
(851, 407, 30, 5, 71.31),
(852, 326, 21, 2, 40.53),
(853, 102, 5, 9, 14.39),
(854, 312, 50, 1, 44.18),
(855, 265, 31, 6, 78.31),
(856, 446, 21, 4, 71.43),
(857, 484, 50, 1, 45.95),
(858, 297, 45, 7, 65.38),
(859, 424, 29, 4, 92.89),
(860, 112, 32, 5, 54.10),
(861, 407, 38, 3, 21.32),
(862, 382, 24, 2, 19.79),
(863, 84, 28, 3, 52.30),
(864, 243, 8, 4, 25.95),
(865, 411, 32, 7, 54.28),
(866, 112, 40, 3, 107.50),
(867, 37, 22, 10, 67.05),
(868, 460, 45, 7, 80.57),
(869, 255, 22, 7, 94.46),
(870, 170, 9, 9, 63.64),
(871, 132, 36, 8, 67.31),
(872, 327, 28, 8, 24.06),
(873, 222, 40, 7, 91.75),
(874, 84, 20, 5, 109.41),
(875, 339, 21, 10, 85.34),
(876, 393, 34, 10, 98.12),
(877, 239, 38, 3, 32.16),
(878, 118, 26, 9, 73.44),
(879, 340, 25, 5, 74.00),
(880, 466, 37, 9, 23.81),
(881, 46, 3, 10, 63.86),
(882, 448, 44, 7, 63.96),
(883, 411, 25, 10, 55.99),
(884, 171, 17, 7, 14.42),
(885, 205, 46, 4, 99.37),
(886, 248, 40, 5, 104.99),
(887, 180, 48, 7, 52.49),
(888, 84, 28, 3, 91.46),
(889, 89, 22, 7, 109.84),
(890, 2, 2, 2, 55.47),
(891, 480, 22, 3, 18.50),
(892, 300, 38, 10, 43.24),
(893, 464, 32, 5, 23.67),
(894, 227, 43, 10, 105.67),
(895, 39, 26, 4, 19.26),
(896, 245, 9, 4, 36.00),
(897, 126, 24, 7, 79.01),
(898, 291, 42, 5, 75.66),
(899, 493, 48, 9, 40.18),
(900, 2, 6, 6, 43.74),
(901, 46, 22, 10, 39.66),
(902, 358, 35, 3, 50.12),
(903, 64, 22, 8, 68.88),
(904, 307, 16, 7, 54.42),
(905, 106, 36, 10, 77.59),
(906, 240, 19, 4, 95.47),
(907, 52, 48, 5, 50.06),
(908, 325, 3, 3, 27.38),
(909, 46, 47, 4, 25.17),
(910, 295, 25, 7, 106.15),
(911, 374, 43, 1, 61.06),
(912, 258, 3, 7, 36.58),
(913, 144, 33, 4, 90.98),
(914, 4, 31, 1, 33.37),
(915, 69, 50, 6, 68.12),
(916, 194, 10, 8, 51.35),
(917, 338, 7, 7, 85.23),
(918, 438, 7, 10, 64.72),
(919, 394, 15, 2, 83.72),
(920, 154, 17, 7, 62.41),
(921, 262, 3, 7, 16.76),
(922, 212, 46, 3, 83.50),
(923, 396, 38, 4, 71.60),
(924, 482, 49, 10, 84.85),
(925, 481, 28, 9, 92.71),
(926, 220, 36, 3, 15.93),
(927, 291, 37, 10, 45.77),
(928, 29, 11, 10, 99.37),
(929, 372, 2, 10, 65.72),
(930, 498, 16, 6, 82.80),
(931, 30, 6, 4, 67.55),
(932, 366, 47, 5, 54.05),
(933, 435, 2, 6, 56.06),
(934, 394, 28, 4, 41.02),
(935, 188, 48, 6, 17.99),
(936, 330, 3, 3, 39.22),
(937, 295, 4, 6, 84.94),
(938, 484, 30, 1, 47.52),
(939, 399, 44, 10, 10.77),
(940, 141, 20, 1, 33.86),
(941, 479, 4, 5, 30.27),
(942, 282, 11, 4, 29.00),
(943, 428, 36, 10, 87.02),
(944, 456, 13, 6, 89.42),
(945, 224, 43, 10, 12.25),
(946, 184, 39, 8, 49.96),
(947, 388, 34, 1, 32.04),
(948, 478, 6, 8, 31.94),
(949, 479, 7, 8, 51.31),
(950, 396, 36, 3, 103.18),
(951, 4, 12, 2, 23.06),
(952, 74, 18, 3, 43.25),
(953, 424, 12, 7, 55.82),
(954, 198, 30, 9, 33.09),
(955, 371, 1, 9, 17.93),
(956, 468, 22, 4, 59.77),
(957, 207, 29, 6, 39.15),
(958, 332, 22, 2, 75.62),
(959, 352, 28, 7, 56.65),
(960, 235, 48, 4, 94.66),
(961, 108, 27, 1, 71.22),
(962, 463, 40, 2, 50.16),
(963, 278, 29, 2, 26.33),
(964, 149, 50, 1, 59.09),
(965, 82, 18, 3, 26.53),
(966, 52, 2, 9, 103.78),
(967, 144, 31, 3, 39.13),
(968, 386, 49, 6, 105.07),
(969, 12, 14, 3, 59.88),
(970, 358, 5, 3, 18.41),
(971, 311, 43, 5, 55.50),
(972, 34, 49, 7, 35.13),
(973, 184, 5, 4, 45.11),
(974, 396, 46, 2, 16.08),
(975, 419, 50, 5, 52.04),
(976, 327, 1, 1, 36.97),
(977, 91, 5, 10, 54.61),
(978, 193, 30, 8, 26.75),
(979, 239, 45, 10, 41.80),
(980, 303, 4, 6, 59.95),
(981, 435, 43, 7, 68.35),
(982, 22, 24, 3, 76.74),
(983, 346, 23, 3, 74.92),
(984, 319, 12, 3, 72.35),
(985, 161, 37, 7, 37.87),
(986, 156, 36, 7, 19.19),
(987, 259, 16, 10, 106.28),
(988, 444, 28, 1, 89.60),
(989, 356, 9, 8, 12.59),
(990, 6, 50, 9, 49.74),
(991, 192, 37, 5, 30.80),
(992, 305, 22, 3, 26.74),
(993, 488, 19, 10, 65.65),
(994, 490, 12, 3, 42.39),
(995, 8, 6, 5, 11.16),
(996, 335, 16, 6, 82.83),
(997, 26, 4, 3, 95.82),
(998, 322, 32, 3, 48.48),
(999, 74, 29, 5, 58.40),
(1000, 47, 1, 8, 94.14);

-- --------------------------------------------------------

--
-- Table structure for table `orders`
--

CREATE TABLE `orders` (
  `OrderID` int(11) NOT NULL,
  `OrderDate` date DEFAULT NULL,
  `CustomerID` int(11) DEFAULT NULL
) ENGINE=InnoDB DEFAULT CHARSET=utf8mb4 COLLATE=utf8mb4_general_ci;

--
-- Dumping data for table `orders`
--

INSERT INTO `orders` (`OrderID`, `OrderDate`, `CustomerID`) VALUES
(1, '2023-03-15', 40),
(2, '2023-07-11', 17),
(3, '2023-03-26', 8),
(4, '2023-09-29', 27),
(5, '2023-11-27', 54),
(6, '2023-06-29', 34),
(7, '2023-01-13', 39),
(8, '2023-07-26', 99),
(9, '2023-02-16', 88),
(10, '2023-09-24', 89),
(11, '2023-08-25', 25),
(12, '2023-01-28', 69),
(13, '2023-08-09', 25),
(14, '2023-08-30', 62),
(15, '2023-02-19', 78),
(16, '2023-04-03', 40),
(17, '2023-01-20', 67),
(18, '2023-05-10', 30),
(19, '2023-01-11', 59),
(20, '2023-04-29', 26),
(21, '2023-01-27', 87),
(22, '2023-06-07', 88),
(23, '2023-01-20', 59),
(24, '2023-09-19', 96),
(25, '2023-10-01', 25),
(26, '2023-01-08', 30),
(27, '2023-07-18', 11),
(28, '2023-02-01', 19),
(29, '2023-10-16', 86),
(30, '2023-05-02', 71),
(31, '2023-05-10', 11),
(32, '2023-05-26', 62),
(33, '2023-07-26', 92),
(34, '2023-11-21', 37),
(35, '2023-01-26', 39),
(36, '2023-09-01', 13),
(37, '2023-01-07', 31),
(38, '2023-04-22', 83),
(39, '2023-04-10', 32),
(40, '2023-05-23', 41),
(41, '2023-04-13', 22),
(42, '2023-06-30', 54),
(43, '2023-12-26', 79),
(44, '2023-05-23', 24),
(45, '2023-06-21', 87),
(46, '2023-09-21', 25),
(47, '2023-01-12', 90),
(48, '2023-08-15', 46),
(49, '2023-11-17', 89),
(50, '2023-03-25', 52),
(51, '2023-07-12', 24),
(52, '2023-05-08', 37),
(53, '2023-01-09', 80),
(54, '2023-05-03', 96),
(55, '2023-03-29', 85),
(56, '2023-08-17', 85),
(57, '2023-05-03', 3),
(58, '2023-05-10', 6),
(59, '2023-02-08', 48),
(60, '2023-04-27', 16),
(61, '2023-07-25', 25),
(62, '2023-10-03', 5),
(63, '2023-02-10', 92),
(64, '2023-09-09', 36),
(65, '2023-03-16', 25),
(66, '2023-12-03', 56),
(67, '2023-06-20', 36),
(68, '2023-08-25', 92),
(69, '2023-08-13', 8),
(70, '2023-10-07', 65),
(71, '2023-05-12', 82),
(72, '2023-09-09', 15),
(73, '2023-02-25', 28),
(74, '2023-04-30', 81),
(75, '2023-06-10', 32),
(76, '2023-12-23', 82),
(77, '2023-01-26', 67),
(78, '2023-03-12', 83),
(79, '2023-08-09', 69),
(80, '2023-02-01', 4),
(81, '2023-03-22', 28),
(82, '2023-01-03', 11),
(83, '2023-05-01', 62),
(84, '2023-10-08', 53),
(85, '2023-10-11', 98),
(86, '2023-12-02', 38),
(87, '2023-09-07', 71),
(88, '2023-05-25', 58),
(89, '2023-05-20', 11),
(90, '2023-04-08', 14),
(91, '2023-12-04', 62),
(92, '2023-09-28', 52),
(93, '2023-03-03', 43),
(94, '2023-10-10', 39),
(95, '2023-06-24', 13),
(96, '2023-01-27', 52),
(97, '2023-01-30', 6),
(98, '2023-02-21', 32),
(99, '2023-03-13', 33),
(100, '2023-08-08', 38),
(101, '2023-10-29', 76),
(102, '2023-01-03', 71),
(103, '2023-12-25', 85),
(104, '2023-05-21', 59),
(105, '2023-10-09', 50),
(106, '2023-10-05', 8),
(107, '2023-06-08', 75),
(108, '2023-06-02', 8),
(109, '2023-07-23', 12),
(110, '2023-06-30', 14),
(111, '2023-10-18', 6),
(112, '2023-04-21', 76),
(113, '2023-08-18', 88),
(114, '2023-11-21', 99),
(115, '2023-11-20', 75),
(116, '2023-12-18', 88),
(117, '2023-10-22', 40),
(118, '2023-07-20', 8),
(119, '2023-05-01', 61),
(120, '2023-09-01', 7),
(121, '2023-05-13', 38),
(122, '2023-02-16', 60),
(123, '2023-08-08', 61),
(124, '2023-07-22', 22),
(125, '2023-07-01', 84),
(126, '2023-05-23', 35),
(127, '2023-05-21', 1),
(128, '2023-10-07', 37),
(129, '2023-03-23', 22),
(130, '2023-04-16', 70),
(131, '2023-05-16', 30),
(132, '2023-07-29', 82),
(133, '2023-09-22', 1),
(134, '2023-02-12', 91),
(135, '2023-01-03', 98),
(136, '2023-08-20', 100),
(137, '2023-05-17', 30),
(138, '2023-12-04', 36),
(139, '2023-05-14', 63),
(140, '2023-07-09', 16),
(141, '2023-04-27', 46),
(142, '2023-01-10', 64),
(143, '2023-04-24', 7),
(144, '2023-12-05', 34),
(145, '2023-11-11', 57),
(146, '2023-04-30', 17),
(147, '2023-04-01', 8),
(148, '2023-10-19', 56),
(149, '2023-02-11', 65),
(150, '2023-12-06', 11),
(151, '2023-11-15', 15),
(152, '2023-05-13', 80),
(153, '2023-03-23', 43),
(154, '2023-12-31', 28),
(155, '2023-03-21', 81),
(156, '2023-04-13', 34),
(157, '2023-06-18', 96),
(158, '2023-07-20', 52),
(159, '2023-05-06', 12),
(160, '2023-10-27', 71),
(161, '2023-01-15', 44),
(162, '2023-04-11', 58),
(163, '2023-08-20', 24),
(164, '2023-07-18', 17),
(165, '2023-12-02', 92),
(166, '2023-11-17', 93),
(167, '2023-11-11', 17),
(168, '2023-07-29', 35),
(169, '2023-07-25', 64),
(170, '2023-10-27', 54),
(171, '2023-12-20', 10),
(172, '2023-04-14', 51),
(173, '2023-09-12', 4),
(174, '2023-03-17', 54),
(175, '2023-06-13', 94),
(176, '2023-09-15', 24),
(177, '2023-08-08', 26),
(178, '2023-05-09', 72),
(179, '2023-09-17', 33),
(180, '2023-01-09', 72),
(181, '2023-04-28', 56),
(182, '2023-12-06', 71),
(183, '2023-02-10', 55),
(184, '2023-07-06', 86),
(185, '2023-04-27', 16),
(186, '2023-04-10', 100),
(187, '2023-08-03', 94),
(188, '2023-10-16', 22),
(189, '2023-12-25', 78),
(190, '2023-10-18', 100),
(191, '2023-05-22', 98),
(192, '2023-02-06', 86),
(193, '2023-04-05', 95),
(194, '2023-07-21', 76),
(195, '2023-01-06', 14),
(196, '2023-11-01', 71),
(197, '2023-02-24', 16),
(198, '2023-04-22', 68),
(199, '2023-07-24', 80),
(200, '2023-12-21', 57),
(201, '2023-11-12', 62),
(202, '2023-03-23', 100),
(203, '2023-09-07', 33),
(204, '2023-09-06', 69),
(205, '2023-01-24', 2),
(206, '2023-01-04', 98),
(207, '2023-01-04', 84),
(208, '2023-08-19', 45),
(209, '2023-07-04', 33),
(210, '2023-10-27', 94),
(211, '2023-08-23', 11),
(212, '2023-03-02', 12),
(213, '2023-09-19', 86),
(214, '2023-07-03', 21),
(215, '2023-08-08', 27),
(216, '2023-08-17', 25),
(217, '2023-04-28', 55),
(218, '2023-09-20', 79),
(219, '2023-04-15', 59),
(220, '2023-09-20', 46),
(221, '2023-05-15', 25),
(222, '2023-11-07', 45),
(223, '2023-09-24', 10),
(224, '2023-03-17', 24),
(225, '2023-07-01', 81),
(226, '2023-07-12', 84),
(227, '2023-04-26', 89),
(228, '2023-07-06', 50),
(229, '2023-04-25', 19),
(230, '2023-07-18', 60),
(231, '2023-06-15', 100),
(232, '2023-08-30', 65),
(233, '2023-11-19', 28),
(234, '2023-06-19', 53),
(235, '2023-05-04', 35),
(236, '2023-07-21', 28),
(237, '2023-06-05', 52),
(238, '2023-02-17', 84),
(239, '2023-12-27', 32),
(240, '2023-07-05', 92),
(241, '2023-02-07', 39),
(242, '2023-09-17', 60),
(243, '2023-10-28', 82),
(244, '2023-09-14', 70),
(245, '2023-03-11', 79),
(246, '2023-05-29', 48),
(247, '2023-09-06', 33),
(248, '2023-12-21', 6),
(249, '2023-02-28', 89),
(250, '2023-07-24', 98),
(251, '2023-07-01', 21),
(252, '2023-09-19', 30),
(253, '2023-01-03', 46),
(254, '2023-10-20', 15),
(255, '2023-11-29', 96),
(256, '2023-05-09', 40),
(257, '2023-05-09', 72),
(258, '2023-06-20', 2),
(259, '2023-12-03', 18),
(260, '2023-01-17', 94),
(261, '2023-01-13', 85),
(262, '2023-08-19', 32),
(263, '2023-08-12', 87),
(264, '2023-06-17', 19),
(265, '2023-10-18', 74),
(266, '2023-06-30', 43),
(267, '2023-07-15', 25),
(268, '2023-05-29', 53),
(269, '2023-08-10', 10),
(270, '2023-07-03', 97),
(271, '2023-12-13', 42),
(272, '2023-10-11', 42),
(273, '2023-05-01', 63),
(274, '2023-02-03', 65),
(275, '2023-08-29', 76),
(276, '2023-03-03', 67),
(277, '2023-08-21', 61),
(278, '2023-02-14', 31),
(279, '2023-11-12', 56),
(280, '2023-10-10', 60),
(281, '2023-12-15', 58),
(282, '2023-05-23', 99),
(283, '2023-02-22', 16),
(284, '2023-04-11', 20),
(285, '2023-11-20', 44),
(286, '2023-07-18', 95),
(287, '2023-07-24', 84),
(288, '2023-06-04', 27),
(289, '2023-09-29', 16),
(290, '2023-08-08', 84),
(291, '2023-04-17', 49),
(292, '2023-08-15', 69),
(293, '2023-08-21', 6),
(294, '2023-12-28', 69),
(295, '2023-07-18', 20),
(296, '2023-04-29', 36),
(297, '2023-07-20', 28),
(298, '2023-06-18', 76),
(299, '2023-07-19', 29),
(300, '2023-11-21', 83),
(301, '2023-06-22', 79),
(302, '2023-03-10', 82),
(303, '2023-07-05', 88),
(304, '2023-04-19', 31),
(305, '2023-03-10', 48),
(306, '2023-05-11', 97),
(307, '2023-09-30', 70),
(308, '2023-05-06', 30),
(309, '2023-02-15', 10),
(310, '2023-03-30', 52),
(311, '2023-10-03', 100),
(312, '2023-03-03', 88),
(313, '2023-01-30', 79),
(314, '2023-09-01', 97),
(315, '2023-06-14', 67),
(316, '2023-03-20', 49),
(317, '2023-10-28', 44),
(318, '2023-04-28', 62),
(319, '2023-04-24', 11),
(320, '2023-06-21', 6),
(321, '2023-05-29', 70),
(322, '2023-06-11', 58),
(323, '2023-01-24', 34),
(324, '2023-08-11', 63),
(325, '2023-04-05', 90),
(326, '2023-01-12', 59),
(327, '2023-03-29', 93),
(328, '2023-09-18', 53),
(329, '2023-07-25', 17),
(330, '2023-01-06', 22),
(331, '2023-11-07', 8),
(332, '2023-08-26', 31),
(333, '2023-03-11', 80),
(334, '2023-01-11', 53),
(335, '2023-08-10', 26),
(336, '2023-01-09', 71),
(337, '2023-06-03', 27),
(338, '2023-10-27', 94),
(339, '2023-04-19', 29),
(340, '2023-08-08', 63),
(341, '2023-09-18', 24),
(342, '2023-10-16', 66),
(343, '2023-07-31', 89),
(344, '2023-07-02', 41),
(345, '2023-05-10', 47),
(346, '2023-08-21', 94),
(347, '2023-03-06', 75),
(348, '2023-02-23', 42),
(349, '2023-10-11', 74),
(350, '2023-01-06', 84),
(351, '2023-09-25', 25),
(352, '2023-09-29', 100),
(353, '2023-11-20', 45),
(354, '2023-09-20', 9),
(355, '2023-06-02', 95),
(356, '2023-07-05', 45),
(357, '2023-09-23', 59),
(358, '2023-09-10', 35),
(359, '2023-08-13', 24),
(360, '2023-01-03', 90),
(361, '2023-10-10', 76),
(362, '2023-11-09', 21),
(363, '2023-09-16', 12),
(364, '2023-07-14', 13),
(365, '2023-08-05', 47),
(366, '2023-08-03', 60),
(367, '2023-03-11', 51),
(368, '2023-09-13', 99),
(369, '2023-01-15', 99),
(370, '2023-05-25', 84),
(371, '2023-01-29', 53),
(372, '2023-12-18', 98),
(373, '2023-12-06', 47),
(374, '2023-05-03', 58),
(375, '2023-03-20', 96),
(376, '2023-11-27', 7),
(377, '2023-05-08', 97),
(378, '2023-02-19', 77),
(379, '2023-02-15', 27),
(380, '2023-11-08', 46),
(381, '2023-12-26', 32),
(382, '2023-07-24', 63),
(383, '2023-07-31', 29),
(384, '2023-07-16', 54),
(385, '2023-02-15', 87),
(386, '2023-08-29', 36),
(387, '2023-12-02', 91),
(388, '2023-05-01', 32),
(389, '2023-07-31', 53),
(390, '2023-08-15', 57),
(391, '2023-12-19', 48),
(392, '2023-09-12', 16),
(393, '2023-03-17', 82),
(394, '2023-01-20', 12),
(395, '2023-12-21', 2),
(396, '2023-11-27', 99),
(397, '2023-03-03', 34),
(398, '2023-10-28', 31),
(399, '2023-03-31', 97),
(400, '2023-07-14', 65),
(401, '2023-04-16', 7),
(402, '2023-09-05', 100),
(403, '2023-08-07', 40),
(404, '2023-12-01', 27),
(405, '2023-04-18', 73),
(406, '2023-11-04', 84),
(407, '2023-02-04', 64),
(408, '2023-03-29', 39),
(409, '2023-08-14', 41),
(410, '2023-04-08', 8),
(411, '2023-01-27', 99),
(412, '2023-11-22', 58),
(413, '2023-03-16', 81),
(414, '2023-07-31', 9),
(415, '2023-08-25', 24),
(416, '2023-06-12', 32),
(417, '2023-12-16', 79),
(418, '2023-04-09', 70),
(419, '2023-08-10', 77),
(420, '2023-06-25', 21),
(421, '2023-12-25', 68),
(422, '2023-10-13', 83),
(423, '2023-04-21', 13),
(424, '2023-05-14', 19),
(425, '2023-06-23', 80),
(426, '2023-03-04', 47),
(427, '2023-09-28', 39),
(428, '2023-08-31', 45),
(429, '2023-10-23', 1),
(430, '2023-03-10', 55),
(431, '2023-08-14', 73),
(432, '2023-01-29', 11),
(433, '2023-11-06', 61),
(434, '2023-03-08', 20),
(435, '2023-08-31', 58),
(436, '2023-03-07', 5),
(437, '2023-05-19', 63),
(438, '2023-12-26', 67),
(439, '2023-05-21', 55),
(440, '2023-06-25', 29),
(441, '2023-11-22', 56),
(442, '2023-09-22', 26),
(443, '2023-11-02', 64),
(444, '2023-06-18', 52),
(445, '2023-02-05', 87),
(446, '2023-02-20', 77),
(447, '2023-10-03', 5),
(448, '2023-11-24', 91),
(449, '2023-03-24', 37),
(450, '2023-08-01', 38),
(451, '2023-10-15', 55),
(452, '2023-06-24', 38),
(453, '2023-08-29', 57),
(454, '2023-08-19', 4),
(455, '2023-09-19', 57),
(456, '2023-06-09', 94),
(457, '2023-03-15', 68),
(458, '2023-09-05', 75),
(459, '2023-01-16', 20),
(460, '2023-10-03', 20),
(461, '2023-09-10', 41),
(462, '2023-01-19', 38),
(463, '2023-02-27', 49),
(464, '2023-04-11', 58),
(465, '2023-09-09', 71),
(466, '2023-07-11', 11),
(467, '2023-04-16', 88),
(468, '2023-02-01', 2),
(469, '2023-02-11', 50),
(470, '2023-06-29', 41),
(471, '2023-11-28', 97),
(472, '2023-06-20', 28),
(473, '2023-06-19', 34),
(474, '2023-11-14', 50),
(475, '2023-08-21', 76),
(476, '2023-06-05', 23),
(477, '2023-04-12', 12),
(478, '2023-04-26', 52),
(479, '2023-12-09', 21),
(480, '2023-11-04', 33),
(481, '2023-12-27', 91),
(482, '2023-08-25', 18),
(483, '2023-02-21', 39),
(484, '2023-12-27', 75),
(485, '2023-05-21', 36),
(486, '2023-02-21', 14),
(487, '2023-09-07', 2),
(488, '2023-05-24', 5),
(489, '2023-05-13', 30),
(490, '2023-12-27', 15),
(491, '2023-12-27', 44),
(492, '2023-09-17', 16),
(493, '2023-02-04', 38),
(494, '2023-08-22', 24),
(495, '2023-10-22', 29),
(496, '2023-09-14', 100),
(497, '2023-08-07', 77),
(498, '2023-02-07', 87),
(499, '2023-01-17', 31),
(500, '2023-10-02', 91);

-- --------------------------------------------------------

--
-- Table structure for table `products`
--

CREATE TABLE `products` (
  `ProductID` int(11) NOT NULL,
  `ProductName` varchar(100) DEFAULT NULL,
  `Category` varchar(100) DEFAULT NULL,
  `Price` decimal(10,2) DEFAULT NULL,
  `Stock` int(11) DEFAULT NULL
) ENGINE=InnoDB DEFAULT CHARSET=utf8mb4 COLLATE=utf8mb4_general_ci;

--
-- Dumping data for table `products`
--

INSERT INTO `products` (`ProductID`, `ProductName`, `Category`, `Price`, `Stock`) VALUES
(1, 'Amul Butter', 'Dairy', 45.00, 100),
(2, 'Parle-G Biscuits', 'Snacks', 10.00, 500),
(3, 'Tata Salt', 'Grocery', 20.00, 300),
(4, 'Surf Excel Detergent', 'Household', 200.00, 150),
(5, 'Dabur Honey', 'Grocery', 250.00, 80),
(6, 'Maggie Noodles', 'Snacks', 12.00, 400),
(7, 'Red Label Tea', 'Beverages', 150.00, 200),
(8, 'Nescafe Coffee', 'Beverages', 300.00, 120),
(9, 'Britannia Bread', 'Bakery', 30.00, 250),
(10, 'Patanjali Ghee', 'Dairy', 500.00, 90),
(11, 'Colgate Toothpaste', 'Personal Care', 50.00, 220),
(12, 'Haldirams Namkeen', 'Snacks', 100.00, 300),
(13, 'Nestle Milkmaid', 'Dairy', 120.00, 110),
(14, 'Godrej Hair Dye', 'Personal Care', 60.00, 70),
(15, 'Horlicks Health Drink', 'Beverages', 400.00, 130),
(16, 'Fortune Cooking Oil', 'Grocery', 110.00, 180),
(17, 'Bournvita', 'Beverages', 350.00, 140),
(18, 'Ponds Cold Cream', 'Personal Care', 75.00, 200),
(19, 'Dettol Soap', 'Personal Care', 30.00, 400),
(20, 'Lakme Lipstick', 'Cosmetics', 250.00, 60),
(21, 'Pampers Diapers', 'Baby Care', 500.00, 50),
(22, 'Johnsons Baby Powder', 'Baby Care', 100.00, 80),
(23, 'Kissan Jam', 'Grocery', 150.00, 90),
(24, 'McCain French Fries', 'Frozen Food', 200.00, 50),
(25, 'Kelloggs Cornflakes', 'Breakfast', 300.00, 100),
(26, 'Tata Tea Gold', 'Beverages', 200.00, 180),
(27, 'Lifebuoy Hand Wash', 'Personal Care', 80.00, 140),
(28, 'Aashirvaad Atta', 'Grocery', 400.00, 210),
(29, 'Lays Chips', 'Snacks', 20.00, 600),
(30, 'Bingo Chips', 'Snacks', 20.00, 600),
(31, 'Pepsi', 'Beverages', 40.00, 300),
(32, 'Coca-Cola', 'Beverages', 40.00, 300),
(33, 'Sprite', 'Beverages', 40.00, 300),
(34, 'Fanta', 'Beverages', 40.00, 300),
(35, 'Thums Up', 'Beverages', 40.00, 300),
(36, 'Maaza', 'Beverages', 50.00, 300),
(37, 'Slice', 'Beverages', 50.00, 300),
(38, 'Bisleri Water', 'Beverages', 20.00, 500),
(39, 'Aquafina Water', 'Beverages', 20.00, 500),
(40, 'Kinley Water', 'Beverages', 20.00, 500),
(41, 'Cavins Milkshake', 'Beverages', 30.00, 200),
(42, 'Real Fruit Juice', 'Beverages', 120.00, 150),
(43, 'Dove Shampoo', 'Personal Care', 200.00, 100),
(44, 'Clinic Plus Shampoo', 'Personal Care', 150.00, 120),
(45, 'Pantene Shampoo', 'Personal Care', 180.00, 90),
(46, 'Head & Shoulders Shampoo', 'Personal Care', 190.00, 110),
(47, 'Fair & Lovely Cream', 'Personal Care', 99.00, 150),
(48, 'Pears Soap', 'Personal Care', 40.00, 400),
(49, 'Lux Soap', 'Personal Care', 30.00, 400),
(50, 'Rin Detergent', 'Household', 60.00, 300);

--
-- Indexes for dumped tables
--

--
-- Indexes for table `customers`
--
ALTER TABLE `customers`
  ADD PRIMARY KEY (`CustomerID`);

--
-- Indexes for table `orderitems`
--
ALTER TABLE `orderitems`
  ADD PRIMARY KEY (`OrderItemID`),
  ADD KEY `OrderID` (`OrderID`),
  ADD KEY `ProductID` (`ProductID`);

--
-- Indexes for table `orders`
--
ALTER TABLE `orders`
  ADD PRIMARY KEY (`OrderID`),
  ADD KEY `CustomerID` (`CustomerID`);

--
-- Indexes for table `products`
--
ALTER TABLE `products`
  ADD PRIMARY KEY (`ProductID`);

--
-- AUTO_INCREMENT for dumped tables
--

--
-- AUTO_INCREMENT for table `orderitems`
--
ALTER TABLE `orderitems`
  MODIFY `OrderItemID` int(11) NOT NULL AUTO_INCREMENT, AUTO_INCREMENT=1001;

--
-- AUTO_INCREMENT for table `orders`
--
ALTER TABLE `orders`
  MODIFY `OrderID` int(11) NOT NULL AUTO_INCREMENT, AUTO_INCREMENT=501;

--
-- Constraints for dumped tables
--

--
-- Constraints for table `orderitems`
--
ALTER TABLE `orderitems`
  ADD CONSTRAINT `orderitems_ibfk_1` FOREIGN KEY (`OrderID`) REFERENCES `orders` (`OrderID`),
  ADD CONSTRAINT `orderitems_ibfk_2` FOREIGN KEY (`ProductID`) REFERENCES `products` (`ProductID`);

--
-- Constraints for table `orders`
--
ALTER TABLE `orders`
  ADD CONSTRAINT `orders_ibfk_1` FOREIGN KEY (`CustomerID`) REFERENCES `customers` (`CustomerID`);
COMMIT;

/*!40101 SET CHARACTER_SET_CLIENT=@OLD_CHARACTER_SET_CLIENT */;
/*!40101 SET CHARACTER_SET_RESULTS=@OLD_CHARACTER_SET_RESULTS */;
/*!40101 SET COLLATION_CONNECTION=@OLD_COLLATION_CONNECTION */;
